Digits,TimeSeconds
50,0.0022674
100,0.0046241
500,0.0497325
1000,0.0946233
2000,0.2497863
5000,1.8918371
10000,7.5603226
